{"root":[{"assemblyName":"com.achimmihca.primeinputactions","nameSpace":"PrimeInputActions","className":"InputManager","methodName":"Init","loadTypes":4,"isUnityClass":false},{"assemblyName":"com.achimmihca.protrans","nameSpace":"ProTrans","className":"TranslationManager","methodName":"Init","loadTypes":4,"isUnityClass":false},{"assemblyName":"com.achimmihca.simplehttpserverforunity","nameSpace":"SimpleHttpServerForUnity","className":"HttpServer","methodName":"InitOnLoad","loadTypes":4,"isUnityClass":false},{"assemblyName":"Common","nameSpace":"","className":"AudioManager","methodName":"Init","loadTypes":4,"isUnityClass":false},{"assemblyName":"Common","nameSpace":"","className":"ImageManager","methodName":"Init","loadTypes":4,"isUnityClass":false},{"assemblyName":"Common","nameSpace":"","className":"EventSystemOptInOnAndroid","methodName":"StaticInit","loadTypes":4,"isUnityClass":false},{"assemblyName":"Common","nameSpace":"","className":"GlobalInputControl","methodName":"Init","loadTypes":4,"isUnityClass":false},{"assemblyName":"Common","nameSpace":"","className":"RepeatedHoldInteraction","methodName":"Init","loadTypes":2,"isUnityClass":false},{"assemblyName":"Common","nameSpace":"","className":"UltraStarPlayInputManager","methodName":"Init","loadTypes":4,"isUnityClass":false},{"assemblyName":"Common","nameSpace":"","className":"SettingsManager","methodName":"Init","loadTypes":4,"isUnityClass":false},{"assemblyName":"Common","nameSpace":"","className":"SongMetaManager","methodName":"Init","loadTypes":4,"isUnityClass":false},{"assemblyName":"Common","nameSpace":"","className":"StatsManager","methodName":"Init","loadTypes":4,"isUnityClass":false},{"assemblyName":"Common","nameSpace":"","className":"ServerSideConnectRequestManager","methodName":"InitOnLoad","loadTypes":4,"isUnityClass":false},{"assemblyName":"Common","nameSpace":"","className":"PlaylistManager","methodName":"Init","loadTypes":4,"isUnityClass":false},{"assemblyName":"Common","nameSpace":"","className":"SceneNavigator","methodName":"Init","loadTypes":4,"isUnityClass":false},{"assemblyName":"Common","nameSpace":"","className":"ThemeManager","methodName":"StaticInit","loadTypes":4,"isUnityClass":false},{"assemblyName":"Common","nameSpace":"","className":"StyleSheetControl","methodName":"Init","loadTypes":4,"isUnityClass":false},{"assemblyName":"Common","nameSpace":"","className":"SongVideoPlayer","methodName":"Init","loadTypes":4,"isUnityClass":false},{"assemblyName":"playshared","nameSpace":"","className":"Log","methodName":"Init","loadTypes":4,"isUnityClass":false},{"assemblyName":"playshared","nameSpace":"","className":"ContextMenuPopupControl","methodName":"Init","loadTypes":4,"isUnityClass":false},{"assemblyName":"playshared","nameSpace":"","className":"ShowFps","methodName":"Init","loadTypes":4,"isUnityClass":false},{"assemblyName":"Plugins","nameSpace":"","className":"LeanTween","methodName":"resetStaticFields","loadTypes":4,"isUnityClass":false},{"assemblyName":"Scenes","nameSpace":"","className":"NewVersionChecker","methodName":"Init","loadTypes":4,"isUnityClass":false},{"assemblyName":"Scenes","nameSpace":"","className":"SongSelectPlayerListControl","methodName":"Init","loadTypes":4,"isUnityClass":false},{"assemblyName":"SongEditorScene","nameSpace":"","className":"SongEditorHistoryManager","methodName":"Init","loadTypes":4,"isUnityClass":false},{"assemblyName":"Unity.InputSystem","nameSpace":"UnityEngine.InputSystem","className":"InputSystem","methodName":"RunInitializeInPlayer","loadTypes":4,"isUnityClass":true},{"assemblyName":"Unity.InputSystem","nameSpace":"UnityEngine.InputSystem","className":"InputSystem","methodName":"RunInitialUpdate","loadTypes":1,"isUnityClass":true},{"assemblyName":"Unity.Services.Core","nameSpace":"Unity.Services.Core","className":"UnityThreadUtils","methodName":"CaptureUnityThreadInfo","loadTypes":4,"isUnityClass":true},{"assemblyName":"Unity.Services.Core.Internal","nameSpace":"Unity.Services.Core.Internal","className":"TaskAsyncOperation","methodName":"SetScheduler","loadTypes":1,"isUnityClass":true},{"assemblyName":"Unity.Services.Core.Internal","nameSpace":"Unity.Services.Core.Internal","className":"UnityServicesInitializer","methodName":"CreateStaticInstance","loadTypes":2,"isUnityClass":true},{"assemblyName":"Unity.Services.Core.Internal","nameSpace":"Unity.Services.Core.Internal","className":"UnityServicesInitializer","methodName":"EnableServicesInitializationAsync","loadTypes":0,"isUnityClass":true},{"assemblyName":"Unity.Services.Core.Registration","nameSpace":"Unity.Services.Core.Registration","className":"CorePackageInitializer","methodName":"Register","loadTypes":1,"isUnityClass":true}]}
