{
    "fontColor": "#E5E5E5",
    "buttonMainColor": "#3399D8",
    "sceneTransitionAnimationTime": "250ms",
    "dynamicBackground": {
        "gradientRampFile": "gradients/blue.png",
        "gradientType": "Radial",
        "gradientScale": 1.7,
        "gradientSmoothness": 2.0,
        "gradientAngle": 0.0,
        "gradientAnimation": false,
        "gradientAnimSpeed": 1.0,
        "gradientAnimAmplitude": 0.1,
        "particleFile": "particles/star.png",
        "particleOpacity": 0.2
    }
}